<?xml version="1.0" encoding="UTF-8"?>
<project-private xmlns="http://www.netbeans.org/ns/project-private/1">
    <editor-bookmarks xmlns="http://www.netbeans.org/ns/editor-bookmarks/2" lastBookmarkId="0"/>
    <open-files xmlns="http://www.netbeans.org/ns/projectui-open-files/2">
        <group>
            <file>file:/D:/NetBeans/PRJ301/Lab5/src/java/model/Address.java</file>
            <file>file:/D:/NetBeans/PRJ301/Lab5/src/java/controller/NewServlet.java</file>
            <file>file:/D:/NetBeans/PRJ301/Lab5/web/ArrayListName.jsp</file>
            <file>file:/D:/NetBeans/PRJ301/Lab5/web/index.jsp</file>
            <file>file:/D:/NetBeans/PRJ301/Lab5/src/java/controller/ArrayListName.java</file>
            <file>file:/D:/NetBeans/PRJ301/Lab5/web/test.jsp</file>
            <file>file:/D:/NetBeans/PRJ301/Lab5/src/java/model/Employee.java</file>
            <file>file:/D:/NetBeans/PRJ301/Lab5/src/java/model/Name.java</file>
        </group>
    </open-files>
</project-private>
