<?xml version="1.0" encoding="UTF-8"?>
<project-private xmlns="http://www.netbeans.org/ns/project-private/1">
    <editor-bookmarks xmlns="http://www.netbeans.org/ns/editor-bookmarks/2" lastBookmarkId="0"/>
    <open-files xmlns="http://www.netbeans.org/ns/projectui-open-files/2">
        <group>
            <file>file:/D:/NetBeans/PRJ301/Lab3/src/java/Controller/StudentUpdate.java</file>
            <file>file:/D:/NetBeans/PRJ301/Lab3/web/WEB-INF/web.xml</file>
            <file>file:/D:/NetBeans/PRJ301/Lab3/src/java/Controller/StudentList.java</file>
            <file>file:/D:/NetBeans/PRJ301/Lab3/src/java/Controller/LoginServlet.java</file>
            <file>file:/D:/NetBeans/PRJ301/Lab3/src/java/model/Student.java</file>
            <file>file:/D:/NetBeans/PRJ301/Lab3/web/create.jsp</file>
            <file>file:/D:/NetBeans/PRJ301/Lab3/web/update.jsp</file>
            <file>file:/D:/NetBeans/PRJ301/Lab3/web/list.jsp</file>
            <file>file:/D:/NetBeans/PRJ301/Lab3/src/java/DAL/StudentDAO.java</file>
        </group>
    </open-files>
</project-private>
